,name,population,n_pubs,pubs_per_capita,people_per_pub
0,Cardiff,335145,2100,0.0062659445911471155,159.59285714285716
1,Swansea,230300,1680,0.00729483282674772,137.08333333333334
2,Abergavenny,12515,198,0.015821014782261285,63.207070707070706
3,Machynlleth,2235,48,0.021476510067114093,46.5625
